drg,sc,ligand,receptor,pathway,modality,value
Nppb,Excit-01,Nppb,Npr1,NPPB,itch,0.3551013497874763
Nppb,Excit-02,Nppb,Npr1,NPPB,itch,1.0
Nppb,Excit-03,Nppb,Npr1,NPPB,itch,0.20418220219263797
Nppb,Excit-05,Nppb,Npr1,NPPB,itch,0.08665637357346637
Nppb,Excit-08,Nppb,Npr1,NPPB,itch,0.47255485513718626
Nppb,Excit-09,Nppb,Npr1,NPPB,itch,0.34186481372882555
Nppb,Excit-10,Nppb,Npr1,NPPB,itch,0.15296011075423552
Nppb,Excit-25,Nppb,Npr1,NPPB,itch,0.05039801580146585
Nppb,Excit-34,Nppb,Npr1,NPPB,itch,0.26929181746717146
Nppb,Inhib-10,Nppb,Npr1,NPPB,itch,0.46733560756639425
Nppb,Inhib-11,Nppb,Npr1,NPPB,itch,0.07575324473431294
Nppb,Inhib-18,Nppb,Npr1,NPPB,itch,0.05576555510281245
Atf3/Gfra3/Gal,Excit-14,Grp,Grpr,GRP,itch,0.09566621408388686
Atf3/Gfra3/Gal,Excit-15,Grp,Grpr,GRP,itch,0.054459557834221926
Atf3/S100b/Gal,Excit-02,Grp,Grpr,GRP,itch,0.13803559505093374
Atf3/S100b/Gal,Excit-13,Grp,Grpr,GRP,itch,0.39725155823115554
Atf3/S100b/Gal,Excit-14,Grp,Grpr,GRP,itch,1.0
Atf3/S100b/Gal,Excit-15,Grp,Grpr,GRP,itch,0.5692663638436446
Atf3/S100b/Gal,Excit-16,Grp,Grpr,GRP,itch,0.23699667371284516
Atf3/S100b/Gal,Excit-22,Grp,Grpr,GRP,itch,0.12300005846778067
Atf3/S100b/Gal,Inhib-24,Grp,Grpr,GRP,itch,0.38939363213332867
Atf3/S100b/Gal,MN-gamma,Grp,Grpr,GRP,itch,0.07081474947368245
Atf3/S100b/Gal,PGC,Grp,Grpr,GRP,itch,0.12728709270346508
S100b/Ntrk3/Gfra1,Excit-14,Grp,Grpr,GRP,itch,0.09540582700145929
S100b/Ntrk3/Gfra1,Excit-15,Grp,Grpr,GRP,itch,0.05431132822661653
S100b/Prokr2,Excit-14,Grp,Grpr,GRP,itch,0.06740788623141565
S100b/Smr2,Excit-14,Grp,Grpr,GRP,itch,0.09844394031376812
S100b/Smr2,Excit-15,Grp,Grpr,GRP,itch,0.05604082394485955
Zcchc12/Rxfp1,Excit-13,Grp,Grpr,GRP,itch,0.07625685475410256
Zcchc12/Rxfp1,Excit-14,Grp,Grpr,GRP,itch,0.1919611217981169
Zcchc12/Rxfp1,Excit-15,Grp,Grpr,GRP,itch,0.10927700980536097
Zcchc12/Rxfp1,Inhib-24,Grp,Grpr,GRP,itch,0.07474843844535702
Atf3/Gfra3/Gal,Excit-22,Tac1,Tacr1,SubstanceP,pain,0.06121674124830288
Atf3/Mrgprd,Excit-21,Tac1,Tacr1,SubstanceP,pain,0.06010383526346424
Atf3/Mrgprd,Excit-22,Tac1,Tacr1,SubstanceP,pain,0.0812874471191326
Atf3/Mrgprd,Excit-23,Tac1,Tacr1,SubstanceP,pain,0.05229229506390669
Atf3/Mrgprd,Excit-29,Tac1,Tacr1,SubstanceP,pain,0.051897065159067286
Cldn9,Excit-02,Tac1,Tacr1,SubstanceP,pain,0.5112499367474818
Cldn9,Excit-06,Tac1,Tacr1,SubstanceP,pain,0.2592441510341709
Cldn9,Excit-11,Tac1,Tacr1,SubstanceP,pain,0.33216689511664976
Cldn9,Excit-12,Tac1,Tacr1,SubstanceP,pain,0.40233849062325777
Cldn9,Excit-13,Tac1,Tacr1,SubstanceP,pain,0.1828642935482101
Cldn9,Excit-14,Tac1,Tacr1,SubstanceP,pain,0.09716572611321563
Cldn9,Excit-15,Tac1,Tacr1,SubstanceP,pain,0.4660329685363882
Cldn9,Excit-20,Tac1,Tacr1,SubstanceP,pain,0.18968030837777425
Cldn9,Excit-21,Tac1,Tacr1,SubstanceP,pain,0.7393987312134152
Cldn9,Excit-22,Tac1,Tacr1,SubstanceP,pain,1.0
Cldn9,Excit-23,Tac1,Tacr1,SubstanceP,pain,0.6433009882481431
Cldn9,Excit-24,Tac1,Tacr1,SubstanceP,pain,0.2332628008693916
Cldn9,Excit-25,Tac1,Tacr1,SubstanceP,pain,0.3603803022261108
Cldn9,Excit-29,Tac1,Tacr1,SubstanceP,pain,0.6384388610827991
Cldn9,Excit-30,Tac1,Tacr1,SubstanceP,pain,0.288486113249479
Cldn9,Excit-31,Tac1,Tacr1,SubstanceP,pain,0.3437165618068619
Cldn9,Excit-32,Tac1,Tacr1,SubstanceP,pain,0.33689120007645545
Cldn9,Excit-34,Tac1,Tacr1,SubstanceP,pain,0.2331292926032494
Cldn9,Excit-38,Tac1,Tacr1,SubstanceP,pain,0.11541748362216782
Cldn9,Inhib-01,Tac1,Tacr1,SubstanceP,pain,0.08350382016165131
Cldn9,Inhib-06,Tac1,Tacr1,SubstanceP,pain,0.05350789269873486
Cldn9,Inhib-08,Tac1,Tacr1,SubstanceP,pain,0.22965682045527855
Cldn9,Inhib-09,Tac1,Tacr1,SubstanceP,pain,0.08032790307912639
Cldn9,Inhib-14,Tac1,Tacr1,SubstanceP,pain,0.1836658233230311
Cldn9,Inhib-15,Tac1,Tacr1,SubstanceP,pain,0.3089007077685305
Cldn9,Inhib-16,Tac1,Tacr1,SubstanceP,pain,0.18151617144084764
Cldn9,Inhib-17,Tac1,Tacr1,SubstanceP,pain,0.24542601822657933
Cldn9,Inhib-18,Tac1,Tacr1,SubstanceP,pain,0.3532324789999051
Cldn9,Inhib-20,Tac1,Tacr1,SubstanceP,pain,0.48514688661556654
Cldn9,Inhib-22,Tac1,Tacr1,SubstanceP,pain,0.25544119664740955
Cldn9,Inhib-23,Tac1,Tacr1,SubstanceP,pain,0.24402498429951278
Cldn9,MN-alpha,Tac1,Tacr1,SubstanceP,pain,0.31016001111709296
Cldn9,MN-gamma,Tac1,Tacr1,SubstanceP,pain,0.2274972436211822
Cldn9,PGC,Tac1,Tacr1,SubstanceP,pain,0.3172986026854056
Mrgpra3,Excit-02,Tac1,Tacr1,SubstanceP,pain,0.05520345371620532
Mrgpra3,Excit-15,Tac1,Tacr1,SubstanceP,pain,0.05032104174426774
Mrgpra3,Excit-21,Tac1,Tacr1,SubstanceP,pain,0.07983837395860911
Mrgpra3,Excit-22,Tac1,Tacr1,SubstanceP,pain,0.10797742894092834
Mrgpra3,Excit-23,Tac1,Tacr1,SubstanceP,pain,0.06946198674619286
Mrgpra3,Excit-29,Tac1,Tacr1,SubstanceP,pain,0.06893698675569518
Mrgpra3,Inhib-20,Tac1,Tacr1,SubstanceP,pain,0.05238491347544496
Mrgprd/Gm7271,Excit-21,Tac1,Tacr1,SubstanceP,pain,0.0584684543028165
Mrgprd/Gm7271,Excit-22,Tac1,Tacr1,SubstanceP,pain,0.07907567572758054
Mrgprd/Gm7271,Excit-23,Tac1,Tacr1,SubstanceP,pain,0.05086946034194226
Mrgprd/Gm7271,Excit-29,Tac1,Tacr1,SubstanceP,pain,0.05048498435086926
Mrgprd/Lpar3,Excit-21,Tac1,Tacr1,SubstanceP,pain,0.06573596404131749
Mrgprd/Lpar3,Excit-22,Tac1,Tacr1,SubstanceP,pain,0.08890462110130924
Mrgprd/Lpar3,Excit-23,Tac1,Tacr1,SubstanceP,pain,0.057192430614298954
Mrgprd/Lpar3,Excit-29,Tac1,Tacr1,SubstanceP,pain,0.05676016504091767
Nppb,Excit-22,Tac1,Tacr1,SubstanceP,pain,0.05542080848876301
S100b/Smr2,Excit-02,Tac1,Tacr1,SubstanceP,pain,0.0797222286434906
S100b/Smr2,Excit-11,Tac1,Tacr1,SubstanceP,pain,0.05179674999816683
S100b/Smr2,Excit-12,Tac1,Tacr1,SubstanceP,pain,0.06273902221994211
S100b/Smr2,Excit-15,Tac1,Tacr1,SubstanceP,pain,0.07267127915834524
S100b/Smr2,Excit-21,Tac1,Tacr1,SubstanceP,pain,0.11529882054072074
S100b/Smr2,Excit-22,Tac1,Tacr1,SubstanceP,pain,0.15593591883976557
S100b/Smr2,Excit-23,Tac1,Tacr1,SubstanceP,pain,0.10031373069300344
S100b/Smr2,Excit-25,Tac1,Tacr1,SubstanceP,pain,0.056196233559381005
S100b/Smr2,Excit-29,Tac1,Tacr1,SubstanceP,pain,0.09955555042595973
S100b/Smr2,Excit-31,Tac1,Tacr1,SubstanceP,pain,0.053597757885798084
S100b/Smr2,Excit-32,Tac1,Tacr1,SubstanceP,pain,0.05253343883295338
S100b/Smr2,Inhib-18,Tac1,Tacr1,SubstanceP,pain,0.055081631176898405
S100b/Smr2,Inhib-20,Tac1,Tacr1,SubstanceP,pain,0.07565182553664994
Th/Fam19a4,Excit-21,Tac1,Tacr1,SubstanceP,pain,0.0668424605936504
Th/Fam19a4,Excit-22,Tac1,Tacr1,SubstanceP,pain,0.0904011026418132
Th/Fam19a4,Excit-23,Tac1,Tacr1,SubstanceP,pain,0.05815511866820025
Th/Fam19a4,Excit-29,Tac1,Tacr1,SubstanceP,pain,0.05771557701126845
Zcchc12/Dcn,Excit-02,Tac1,Tacr1,SubstanceP,pain,0.18588706154394818
Zcchc12/Dcn,Excit-06,Tac1,Tacr1,SubstanceP,pain,0.09425944140898691
Zcchc12/Dcn,Excit-11,Tac1,Tacr1,SubstanceP,pain,0.12077366398953396
Zcchc12/Dcn,Excit-12,Tac1,Tacr1,SubstanceP,pain,0.14628758732722347
Zcchc12/Dcn,Excit-13,Tac1,Tacr1,SubstanceP,pain,0.06648823549053313
Zcchc12/Dcn,Excit-15,Tac1,Tacr1,SubstanceP,pain,0.16944647397897042
Zcchc12/Dcn,Excit-20,Tac1,Tacr1,SubstanceP,pain,0.0689664929474792
Zcchc12/Dcn,Excit-21,Tac1,Tacr1,SubstanceP,pain,0.2688404390404305
Zcchc12/Dcn,Excit-22,Tac1,Tacr1,SubstanceP,pain,0.36359331939783124
Zcchc12/Dcn,Excit-23,Tac1,Tacr1,SubstanceP,pain,0.2338999416890476
Zcchc12/Dcn,Excit-24,Tac1,Tacr1,SubstanceP,pain,0.08481279606013742
Zcchc12/Dcn,Excit-25,Tac1,Tacr1,SubstanceP,pain,0.13103187033198527
Zcchc12/Dcn,Excit-29,Tac1,Tacr1,SubstanceP,pain,0.23213210473366583
Zcchc12/Dcn,Excit-30,Tac1,Tacr1,SubstanceP,pain,0.10489162351655673
Zcchc12/Dcn,Excit-31,Tac1,Tacr1,SubstanceP,pain,0.12497304563936674
Zcchc12/Dcn,Excit-32,Tac1,Tacr1,SubstanceP,pain,0.12249138971171736
Zcchc12/Dcn,Excit-34,Tac1,Tacr1,SubstanceP,pain,0.08476425334648371
Zcchc12/Dcn,Inhib-08,Tac1,Tacr1,SubstanceP,pain,0.08350168567168648
Zcchc12/Dcn,Inhib-14,Tac1,Tacr1,SubstanceP,pain,0.0667796663619565
Zcchc12/Dcn,Inhib-15,Tac1,Tacr1,SubstanceP,pain,0.11231423370189945
Zcchc12/Dcn,Inhib-16,Tac1,Tacr1,SubstanceP,pain,0.06599806729856361
Zcchc12/Dcn,Inhib-17,Tac1,Tacr1,SubstanceP,pain,0.0892352606335946
Zcchc12/Dcn,Inhib-18,Tac1,Tacr1,SubstanceP,pain,0.12843296955870023
Zcchc12/Dcn,Inhib-20,Tac1,Tacr1,SubstanceP,pain,0.17639616690007714
Zcchc12/Dcn,Inhib-22,Tac1,Tacr1,SubstanceP,pain,0.09287671259998581
Zcchc12/Dcn,Inhib-23,Tac1,Tacr1,SubstanceP,pain,0.08872585405746351
Zcchc12/Dcn,MN-alpha,Tac1,Tacr1,SubstanceP,pain,0.11277210798653209
Zcchc12/Dcn,MN-gamma,Tac1,Tacr1,SubstanceP,pain,0.08271647796208273
Zcchc12/Dcn,PGC,Tac1,Tacr1,SubstanceP,pain,0.11536765219068024
Zcchc12/Rxfp1,Excit-02,Tac1,Tacr1,SubstanceP,pain,0.0761449663795602
Zcchc12/Rxfp1,Excit-12,Tac1,Tacr1,SubstanceP,pain,0.05992382324116123
Zcchc12/Rxfp1,Excit-15,Tac1,Tacr1,SubstanceP,pain,0.06941040412978536
Zcchc12/Rxfp1,Excit-21,Tac1,Tacr1,SubstanceP,pain,0.11012518043037642
Zcchc12/Rxfp1,Excit-22,Tac1,Tacr1,SubstanceP,pain,0.14893882797127847
Zcchc12/Rxfp1,Excit-23,Tac1,Tacr1,SubstanceP,pain,0.09581249522244363
Zcchc12/Rxfp1,Excit-25,Tac1,Tacr1,SubstanceP,pain,0.05367461983749206
Zcchc12/Rxfp1,Excit-29,Tac1,Tacr1,SubstanceP,pain,0.09508833570098998
Zcchc12/Rxfp1,Excit-31,Tac1,Tacr1,SubstanceP,pain,0.05119274186983152
Zcchc12/Rxfp1,Excit-32,Tac1,Tacr1,SubstanceP,pain,0.05017618049322476
Zcchc12/Rxfp1,Inhib-18,Tac1,Tacr1,SubstanceP,pain,0.05261003142363511
Zcchc12/Rxfp1,Inhib-20,Tac1,Tacr1,SubstanceP,pain,0.07225720868643722
Zcchc12/Sstr2,Excit-02,Tac1,Tacr1,SubstanceP,pain,0.19108446004667978
Zcchc12/Sstr2,Excit-06,Tac1,Tacr1,SubstanceP,pain,0.0968949334953017
Zcchc12/Sstr2,Excit-11,Tac1,Tacr1,SubstanceP,pain,0.12415049320602146
Zcchc12/Sstr2,Excit-12,Tac1,Tacr1,SubstanceP,pain,0.1503777853271686
Zcchc12/Sstr2,Excit-13,Tac1,Tacr1,SubstanceP,pain,0.06834724521782426
Zcchc12/Sstr2,Excit-15,Tac1,Tacr1,SubstanceP,pain,0.17418419398399207
Zcchc12/Sstr2,Excit-20,Tac1,Tacr1,SubstanceP,pain,0.0708947947034308
Zcchc12/Sstr2,Excit-21,Tac1,Tacr1,SubstanceP,pain,0.27635721230983895
Zcchc12/Sstr2,Excit-22,Tac1,Tacr1,SubstanceP,pain,0.37375938129662956
Zcchc12/Sstr2,Excit-23,Tac1,Tacr1,SubstanceP,pain,0.24043977935513636
Zcchc12/Sstr2,Excit-24,Tac1,Tacr1,SubstanceP,pain,0.0871841601324627
Zcchc12/Sstr2,Excit-25,Tac1,Tacr1,SubstanceP,pain,0.13469551879152356
Zcchc12/Sstr2,Excit-29,Tac1,Tacr1,SubstanceP,pain,0.23862251371403181
Zcchc12/Sstr2,Excit-30,Tac1,Tacr1,SubstanceP,pain,0.10782439120079466
Zcchc12/Sstr2,Excit-31,Tac1,Tacr1,SubstanceP,pain,0.12846728948233746
Zcchc12/Sstr2,Excit-32,Tac1,Tacr1,SubstanceP,pain,0.12591624650485506
Zcchc12/Sstr2,Excit-34,Tac1,Tacr1,SubstanceP,pain,0.08713426016551142
Zcchc12/Sstr2,Inhib-08,Tac1,Tacr1,SubstanceP,pain,0.08583639112391604
Zcchc12/Sstr2,Inhib-14,Tac1,Tacr1,SubstanceP,pain,0.06864682449055219
Zcchc12/Sstr2,Inhib-15,Tac1,Tacr1,SubstanceP,pain,0.11545453741765696
Zcchc12/Sstr2,Inhib-16,Tac1,Tacr1,SubstanceP,pain,0.06784337193306415
Zcchc12/Sstr2,Inhib-17,Tac1,Tacr1,SubstanceP,pain,0.09173027672646161
Zcchc12/Sstr2,Inhib-18,Tac1,Tacr1,SubstanceP,pain,0.13202395280487925
Zcchc12/Sstr2,Inhib-20,Tac1,Tacr1,SubstanceP,pain,0.18132820017942025
Zcchc12/Sstr2,Inhib-22,Tac1,Tacr1,SubstanceP,pain,0.0954735436166065
Zcchc12/Sstr2,Inhib-23,Tac1,Tacr1,SubstanceP,pain,0.09120662715270564
Zcchc12/Sstr2,MN-alpha,Tac1,Tacr1,SubstanceP,pain,0.11592521385808041
Zcchc12/Sstr2,MN-gamma,Tac1,Tacr1,SubstanceP,pain,0.08502922902254167
Zcchc12/Sstr2,PGC,Tac1,Tacr1,SubstanceP,pain,0.11859332942598227
Zcchc12/Trpm8,Excit-02,Tac1,Tacr1,SubstanceP,pain,0.09069770097583034
Zcchc12/Trpm8,Excit-11,Tac1,Tacr1,SubstanceP,pain,0.05892768206295195
Zcchc12/Trpm8,Excit-12,Tac1,Tacr1,SubstanceP,pain,0.07137639242709382
Zcchc12/Trpm8,Excit-15,Tac1,Tacr1,SubstanceP,pain,0.0826760372707275
Zcchc12/Trpm8,Excit-21,Tac1,Tacr1,SubstanceP,pain,0.13117217275789325
Zcchc12/Trpm8,Excit-22,Tac1,Tacr1,SubstanceP,pain,0.17740383803827842
Zcchc12/Trpm8,Excit-23,Tac1,Tacr1,SubstanceP,pain,0.11412406432903802
Zcchc12/Trpm8,Excit-25,Tac1,Tacr1,SubstanceP,pain,0.06393284876830678
Zcchc12/Trpm8,Excit-29,Tac1,Tacr1,SubstanceP,pain,0.11326150430887584
Zcchc12/Trpm8,Excit-30,Tac1,Tacr1,SubstanceP,pain,0.05117854371120301
Zcchc12/Trpm8,Excit-31,Tac1,Tacr1,SubstanceP,pain,0.06097663726185845
Zcchc12/Trpm8,Excit-32,Tac1,Tacr1,SubstanceP,pain,0.059765791894884755
Zcchc12/Trpm8,Inhib-15,Tac1,Tacr1,SubstanceP,pain,0.05480017113087797
Zcchc12/Trpm8,Inhib-18,Tac1,Tacr1,SubstanceP,pain,0.06266479749435876
Zcchc12/Trpm8,Inhib-20,Tac1,Tacr1,SubstanceP,pain,0.08606691969792299
Zcchc12/Trpm8,MN-alpha,Tac1,Tacr1,SubstanceP,pain,0.0550235763781674
Zcchc12/Trpm8,PGC,Tac1,Tacr1,SubstanceP,pain,0.056289989920573755
Atf3/Gfra3/Gal,Excit-02,Calca,Calcrl,CGRP,pain,0.11550637458470885
Atf3/Gfra3/Gal,Excit-22,Calca,Calcrl,CGRP,pain,0.08940833309014738
Atf3/Mrgprd,Excit-02,Calca,Calcrl,CGRP,pain,0.1370894529656662
Atf3/Mrgprd,Excit-11,Calca,Calcrl,CGRP,pain,0.05209066267417675
Atf3/Mrgprd,Excit-22,Calca,Calcrl,CGRP,pain,0.10611483147981163
Atf3/Mrgprd,Excit-24,Calca,Calcrl,CGRP,pain,0.0518854641308516
Atf3/Mrgprd,Inhib-13,Calca,Calcrl,CGRP,pain,0.052749953754628744
Atf3/S100b/Gal,Excit-01,Calca,Calcrl,CGRP,pain,0.08898519395969351
Atf3/S100b/Gal,Excit-02,Calca,Calcrl,CGRP,pain,0.2643476355760701
Atf3/S100b/Gal,Excit-06,Calca,Calcrl,CGRP,pain,0.08066447270120702
Atf3/S100b/Gal,Excit-11,Calca,Calcrl,CGRP,pain,0.10044568138263675
Atf3/S100b/Gal,Excit-22,Calca,Calcrl,CGRP,pain,0.20461971504304355
Atf3/S100b/Gal,Excit-24,Calca,Calcrl,CGRP,pain,0.10004999996019177
Atf3/S100b/Gal,Inhib-13,Calca,Calcrl,CGRP,pain,0.10171698296349233
Cldn9,Excit-01,Calca,Calcrl,CGRP,pain,0.22934059429068318
Cldn9,Excit-02,Calca,Calcrl,CGRP,pain,0.6813003505933098
Cldn9,Excit-06,Calca,Calcrl,CGRP,pain,0.2078956878581279
Cldn9,Excit-11,Calca,Calcrl,CGRP,pain,0.258877586676509
Cldn9,Excit-12,Calca,Calcrl,CGRP,pain,0.09280955165618143
Cldn9,Excit-21,Calca,Calcrl,CGRP,pain,0.06324177339804908
Cldn9,Excit-22,Calca,Calcrl,CGRP,pain,0.5273642160382103
Cldn9,Excit-24,Calca,Calcrl,CGRP,pain,0.2578578011533756
Cldn9,Excit-25,Calca,Calcrl,CGRP,pain,0.082682898531111
Cldn9,Inhib-07,Calca,Calcrl,CGRP,pain,0.05822971643334097
Cldn9,Inhib-13,Calca,Calcrl,CGRP,pain,0.2621540987242118
Cldn9,MN-alpha,Calca,Calcrl,CGRP,pain,0.0654985799101949
Mrgpra3,Excit-01,Calca,Calcrl,CGRP,pain,0.30410755381968724
Mrgpra3,Excit-02,Calca,Calcrl,CGRP,pain,0.9034099858170798
Mrgpra3,Excit-06,Calca,Calcrl,CGRP,pain,0.27567142781562465
Mrgpra3,Excit-11,Calca,Calcrl,CGRP,pain,0.34327385374764174
Mrgpra3,Excit-12,Calca,Calcrl,CGRP,pain,0.12306624482489108
Mrgpra3,Excit-21,Calca,Calcrl,CGRP,pain,0.0838591225717469
Mrgpra3,Excit-22,Calca,Calcrl,CGRP,pain,0.6992893787837035
Mrgpra3,Excit-24,Calca,Calcrl,CGRP,pain,0.341921609580751
Mrgpra3,Excit-25,Calca,Calcrl,CGRP,pain,0.10963821774677879
Mrgpra3,Excit-29,Calca,Calcrl,CGRP,pain,0.06286608162869385
Mrgpra3,Excit-31,Calca,Calcrl,CGRP,pain,0.05545963890292704
Mrgpra3,Excit-32,Calca,Calcrl,CGRP,pain,0.057901976496209706
Mrgpra3,Inhib-07,Calca,Calcrl,CGRP,pain,0.07721309294992415
Mrgpra3,Inhib-09,Calca,Calcrl,CGRP,pain,0.05103823123180602
Mrgpra3,Inhib-13,Calca,Calcrl,CGRP,pain,0.347618536236014
Mrgpra3,MN-alpha,Calca,Calcrl,CGRP,pain,0.0868516669574265
Mrgpra3/Mrgprb4,Excit-01,Calca,Calcrl,CGRP,pain,0.10180537880903863
Mrgpra3/Mrgprb4,Excit-02,Calca,Calcrl,CGRP,pain,0.3024324607224603
Mrgpra3/Mrgprb4,Excit-06,Calca,Calcrl,CGRP,pain,0.09228588301439739
Mrgpra3/Mrgprb4,Excit-11,Calca,Calcrl,CGRP,pain,0.11491698998288676
Mrgpra3/Mrgprb4,Excit-22,Calca,Calcrl,CGRP,pain,0.23409947964141445
Mrgpra3/Mrgprb4,Excit-24,Calca,Calcrl,CGRP,pain,0.114464302346807
Mrgpra3/Mrgprb4,Inhib-13,Calca,Calcrl,CGRP,pain,0.11637144923908789
Mrgprd/Gm7271,Excit-02,Calca,Calcrl,CGRP,pain,0.1439296744683867
Mrgprd/Gm7271,Excit-11,Calca,Calcrl,CGRP,pain,0.05468978071868526
Mrgprd/Gm7271,Excit-22,Calca,Calcrl,CGRP,pain,0.11140954187760975
Mrgprd/Gm7271,Excit-24,Calca,Calcrl,CGRP,pain,0.054474343579625606
Mrgprd/Gm7271,Inhib-13,Calca,Calcrl,CGRP,pain,0.05538196781650038
Mrgprd/Lpar3,Excit-02,Calca,Calcrl,CGRP,pain,0.10538770432993642
Mrgprd/Lpar3,Excit-22,Calca,Calcrl,CGRP,pain,0.08157592172912259
S100b/Ntrk3/Gfra1,Excit-02,Calca,Calcrl,CGRP,pain,0.07512332960886507
S100b/Ntrk3/Gfra1,Excit-22,Calca,Calcrl,CGRP,pain,0.05814961902024336
S100b/Prokr2,Excit-01,Calca,Calcrl,CGRP,pain,0.1201856933642896
S100b/Prokr2,Excit-02,Calca,Calcrl,CGRP,pain,0.357034720689729
S100b/Prokr2,Excit-06,Calca,Calcrl,CGRP,pain,0.10894751306437189
S100b/Prokr2,Excit-11,Calca,Calcrl,CGRP,pain,0.13566452266080212
S100b/Prokr2,Excit-22,Calca,Calcrl,CGRP,pain,0.2763646538725401
S100b/Prokr2,Excit-24,Calca,Calcrl,CGRP,pain,0.13513010514714857
S100b/Prokr2,Inhib-13,Calca,Calcrl,CGRP,pain,0.13738157529811446
S100b/Smr2,Excit-01,Calca,Calcrl,CGRP,pain,0.3366218644845289
S100b/Smr2,Excit-02,Calca,Calcrl,CGRP,pain,1.0
S100b/Smr2,Excit-06,Calca,Calcrl,CGRP,pain,0.30514542914455
S100b/Smr2,Excit-11,Calca,Calcrl,CGRP,pain,0.3799757132827918
S100b/Smr2,Excit-12,Calca,Calcrl,CGRP,pain,0.13622413605887373
S100b/Smr2,Excit-21,Calca,Calcrl,CGRP,pain,0.09282510032906198
S100b/Smr2,Excit-22,Calca,Calcrl,CGRP,pain,0.7740554009387425
S100b/Smr2,Excit-24,Calca,Calcrl,CGRP,pain,0.3784788910336247
S100b/Smr2,Excit-25,Calca,Calcrl,CGRP,pain,0.12136042269625526
S100b/Smr2,Excit-29,Calca,Calcrl,CGRP,pain,0.06958754343614573
S100b/Smr2,Excit-31,Calca,Calcrl,CGRP,pain,0.0613892250181042
S100b/Smr2,Excit-32,Calca,Calcrl,CGRP,pain,0.06409269036786311
S100b/Smr2,Inhib-07,Calca,Calcrl,CGRP,pain,0.0854684962111522
S100b/Smr2,Inhib-09,Calca,Calcrl,CGRP,pain,0.05649509307299167
S100b/Smr2,Inhib-13,Calca,Calcrl,CGRP,pain,0.3847849168078588
S100b/Smr2,MN-alpha,Calca,Calcrl,CGRP,pain,0.09613759900924097
Zcchc12/Dcn,Excit-02,Calca,Calcrl,CGRP,pain,0.08667264374165057
Zcchc12/Dcn,Excit-22,Calca,Calcrl,CGRP,pain,0.06708942800186413
Zcchc12/Sstr2,Excit-01,Calca,Calcrl,CGRP,pain,0.0567120510792117
Zcchc12/Sstr2,Excit-02,Calca,Calcrl,CGRP,pain,0.16847405668688578
Zcchc12/Sstr2,Excit-06,Calca,Calcrl,CGRP,pain,0.051409088327443
Zcchc12/Sstr2,Excit-11,Calca,Calcrl,CGRP,pain,0.06401604985924492
Zcchc12/Sstr2,Excit-22,Calca,Calcrl,CGRP,pain,0.1304082534965438
Zcchc12/Sstr2,Excit-24,Calca,Calcrl,CGRP,pain,0.06376387414278854
Zcchc12/Sstr2,Inhib-13,Calca,Calcrl,CGRP,pain,0.06482627588654583
Atf3/Gfra3/Gal,Excit-12,Calca,Ramp1,CGRP,pain,0.0637147208566432
Atf3/Gfra3/Gal,MN-alpha,Calca,Ramp1,CGRP,pain,0.11550637458470886
Atf3/Gfra3/Gal,MN-gamma,Calca,Ramp1,CGRP,pain,0.10639246742702203
Atf3/Mrgprd,Excit-12,Calca,Ramp1,CGRP,pain,0.07562020935642508
Atf3/Mrgprd,MN-alpha,Calca,Ramp1,CGRP,pain,0.13708945296566621
Atf3/Mrgprd,MN-gamma,Calca,Ramp1,CGRP,pain,0.12627255605309912
Atf3/S100b/Gal,Excit-11,Calca,Ramp1,CGRP,pain,0.05185338179358212
Atf3/S100b/Gal,Excit-12,Calca,Ramp1,CGRP,pain,0.14581737042998377
Atf3/S100b/Gal,Excit-29,Calca,Ramp1,CGRP,pain,0.05164518661868678
Atf3/S100b/Gal,Inhib-18,Calca,Ramp1,CGRP,pain,0.05015945542672052
Atf3/S100b/Gal,MN-alpha,Calca,Ramp1,CGRP,pain,0.26434763557607016
Atf3/S100b/Gal,MN-gamma,Calca,Ramp1,CGRP,pain,0.24348956764123533
Atf3/S100b/Gal,PGC,Calca,Ramp1,CGRP,pain,0.06072591197793366
Cldn9,Excit-06,Calca,Ramp1,CGRP,pain,0.06057297508243918
Cldn9,Excit-11,Calca,Ramp1,CGRP,pain,0.13364116958500336
Cldn9,Excit-12,Calca,Ramp1,CGRP,pain,0.375813558460803
Cldn9,Excit-14,Calca,Ramp1,CGRP,pain,0.07782759716044363
Cldn9,Excit-16,Calca,Ramp1,CGRP,pain,0.07426637624781493
Cldn9,Excit-20,Calca,Ramp1,CGRP,pain,0.06331596874078968
Cldn9,Excit-21,Calca,Ramp1,CGRP,pain,0.128421578308481
Cldn9,Excit-29,Calca,Ramp1,CGRP,pain,0.13310459037430253
Cldn9,Excit-31,Calca,Ramp1,CGRP,pain,0.05710498996062971
Cldn9,Excit-32,Calca,Ramp1,CGRP,pain,0.06393400053025947
Cldn9,Inhib-01,Calca,Ramp1,CGRP,pain,0.10574199391866973
Cldn9,Inhib-03,Calca,Ramp1,CGRP,pain,0.0998655518986254
Cldn9,Inhib-18,Calca,Ramp1,CGRP,pain,0.12927543116972645
Cldn9,Inhib-22,Calca,Ramp1,CGRP,pain,0.053211727266490254
Cldn9,MN-alpha,Calca,Ramp1,CGRP,pain,0.68130035059331
Cldn9,MN-gamma,Calca,Ramp1,CGRP,pain,0.6275430738704292
Cldn9,PGC,Calca,Ramp1,CGRP,pain,0.15650824729528962
Mrgpra3,Excit-06,Calca,Ramp1,CGRP,pain,0.08032027359514773
Mrgpra3,Excit-11,Calca,Ramp1,CGRP,pain,0.17720931306467963
Mrgpra3,Excit-12,Calca,Ramp1,CGRP,pain,0.49833193425377675
Mrgpra3,Excit-14,Calca,Ramp1,CGRP,pain,0.10320004735894261
Mrgpra3,Excit-16,Calca,Ramp1,CGRP,pain,0.09847783852495676
Mrgpra3,Excit-20,Calca,Ramp1,CGRP,pain,0.0839575062192448
Mrgpra3,Excit-21,Calca,Ramp1,CGRP,pain,0.17028809120270996
Mrgpra3,Excit-29,Calca,Ramp1,CGRP,pain,0.1764978045255943
Mrgpra3,Excit-31,Calca,Ramp1,CGRP,pain,0.07572169620269613
Mrgpra3,Excit-32,Calca,Ramp1,CGRP,pain,0.08477702156174123
Mrgpra3,Inhib-01,Calca,Ramp1,CGRP,pain,0.14021477185964218
Mrgpra3,Inhib-03,Calca,Ramp1,CGRP,pain,0.1324225603961372
Mrgpra3,Inhib-14,Calca,Ramp1,CGRP,pain,0.051745654539546396
Mrgpra3,Inhib-18,Calca,Ramp1,CGRP,pain,0.17142030726658825
Mrgpra3,Inhib-22,Calca,Ramp1,CGRP,pain,0.07055919717824718
Mrgpra3,MN-alpha,Calca,Ramp1,CGRP,pain,0.9034099858170799
Mrgpra3,MN-gamma,Calca,Ramp1,CGRP,pain,0.8321273854786392
Mrgpra3,PGC,Calca,Ramp1,CGRP,pain,0.20753125012509283
Mrgpra3/Mrgprb4,Excit-11,Calca,Ramp1,CGRP,pain,0.059323949761984844
Mrgpra3/Mrgprb4,Excit-12,Calca,Ramp1,CGRP,pain,0.16682542311799142
Mrgpra3/Mrgprb4,Excit-21,Calca,Ramp1,CGRP,pain,0.05700694840957185
Mrgpra3/Mrgprb4,Excit-29,Calca,Ramp1,CGRP,pain,0.05908575970245611
Mrgpra3/Mrgprb4,Inhib-18,Calca,Ramp1,CGRP,pain,0.05738597774912304
Mrgpra3/Mrgprb4,MN-alpha,Calca,Ramp1,CGRP,pain,0.3024324607224603
Mrgpra3/Mrgprb4,MN-gamma,Calca,Ramp1,CGRP,pain,0.27856935032352853
Mrgpra3/Mrgprb4,PGC,Calca,Ramp1,CGRP,pain,0.0694747541398646
Mrgprd/Gm7271,Excit-12,Calca,Ramp1,CGRP,pain,0.0793933587190503
Mrgprd/Gm7271,MN-alpha,Calca,Ramp1,CGRP,pain,0.1439296744683867
Mrgprd/Gm7271,MN-gamma,Calca,Ramp1,CGRP,pain,0.13257305718161558
Mrgprd/Lpar3,Excit-12,Calca,Ramp1,CGRP,pain,0.058133139294229655
Mrgprd/Lpar3,MN-alpha,Calca,Ramp1,CGRP,pain,0.10538770432993644
Mrgprd/Lpar3,MN-gamma,Calca,Ramp1,CGRP,pain,0.09707220004475611
S100b/Ntrk3/Gfra1,MN-alpha,Calca,Ramp1,CGRP,pain,0.07512332960886509
S100b/Ntrk3/Gfra1,MN-gamma,Calca,Ramp1,CGRP,pain,0.06919580349705393
S100b/Prokr2,Excit-11,Calca,Ramp1,CGRP,pain,0.07003451211184349
S100b/Prokr2,Excit-12,Calca,Ramp1,CGRP,pain,0.1969446937163862
S100b/Prokr2,Excit-21,Calca,Ramp1,CGRP,pain,0.06729919088104593
S100b/Prokr2,Excit-29,Calca,Ramp1,CGRP,pain,0.06975331834986516
S100b/Prokr2,Inhib-01,Calca,Ramp1,CGRP,pain,0.055413978917007174
S100b/Prokr2,Inhib-03,Calca,Ramp1,CGRP,pain,0.05233443575597872
S100b/Prokr2,Inhib-18,Calca,Ramp1,CGRP,pain,0.06774665156055301
S100b/Prokr2,MN-alpha,Calca,Ramp1,CGRP,pain,0.357034720689729
S100b/Prokr2,MN-gamma,Calca,Ramp1,CGRP,pain,0.3288632772682193
S100b/Prokr2,PGC,Calca,Ramp1,CGRP,pain,0.08201797975012148
S100b/Smr2,Excit-06,Calca,Ramp1,CGRP,pain,0.08890788773217168
S100b/Smr2,Excit-11,Calca,Ramp1,CGRP,pain,0.19615602644064697
S100b/Smr2,Excit-12,Calca,Ramp1,CGRP,pain,0.5516121606770437
S100b/Smr2,Excit-14,Calca,Ramp1,CGRP,pain,0.11423390152767063
S100b/Smr2,Excit-16,Calca,Ramp1,CGRP,pain,0.10900680761890129
S100b/Smr2,Excit-20,Calca,Ramp1,CGRP,pain,0.09293400287501838
S100b/Smr2,Excit-21,Calca,Ramp1,CGRP,pain,0.1884948073146376
S100b/Smr2,Excit-29,Calca,Ramp1,CGRP,pain,0.1953684454417035
S100b/Smr2,Excit-31,Calca,Ramp1,CGRP,pain,0.08381764358538767
S100b/Smr2,Excit-32,Calca,Ramp1,CGRP,pain,0.09384113845616343
S100b/Smr2,Inhib-01,Calca,Ramp1,CGRP,pain,0.15520613460213897
S100b/Smr2,Inhib-03,Calca,Ramp1,CGRP,pain,0.14658080215525734
S100b/Smr2,Inhib-14,Calca,Ramp1,CGRP,pain,0.05727815205932839
S100b/Smr2,Inhib-18,Calca,Ramp1,CGRP,pain,0.18974807668475005
S100b/Smr2,Inhib-22,Calca,Ramp1,CGRP,pain,0.07810318491712337
S100b/Smr2,MN-alpha,Calca,Ramp1,CGRP,pain,1.0
S100b/Smr2,MN-gamma,Calca,Ramp1,CGRP,pain,0.9210960677239249
S100b/Smr2,PGC,Calca,Ramp1,CGRP,pain,0.2297198983664026
Zcchc12/Dcn,MN-alpha,Calca,Ramp1,CGRP,pain,0.08667264374165057
Zcchc12/Dcn,MN-gamma,Calca,Ramp1,CGRP,pain,0.079833831329671
Zcchc12/Sstr2,Excit-12,Calca,Ramp1,CGRP,pain,0.09293233842707979
Zcchc12/Sstr2,MN-alpha,Calca,Ramp1,CGRP,pain,0.16847405668688578
Zcchc12/Sstr2,MN-gamma,Calca,Ramp1,CGRP,pain,0.15518079112778813
Atf3/Gfra3/Gal,Excit-02,Adcyap1,Adcyap1r1,PACAP,pain,0.15038376607031456
Atf3/Gfra3/Gal,Excit-05,Adcyap1,Adcyap1r1,PACAP,pain,0.06770007996920228
Atf3/Gfra3/Gal,Excit-12,Adcyap1,Adcyap1r1,PACAP,pain,0.06651943868148917
Atf3/Gfra3/Gal,Excit-13,Adcyap1,Adcyap1r1,PACAP,pain,0.13103026755121094
Atf3/Gfra3/Gal,Excit-14,Adcyap1,Adcyap1r1,PACAP,pain,0.11346244804596262
Atf3/Gfra3/Gal,Excit-18,Adcyap1,Adcyap1r1,PACAP,pain,0.06530472624155773
Atf3/Gfra3/Gal,Excit-19,Adcyap1,Adcyap1r1,PACAP,pain,0.06647992868855038
Atf3/Gfra3/Gal,Excit-21,Adcyap1,Adcyap1r1,PACAP,pain,0.07399156816366899
Atf3/Gfra3/Gal,Excit-22,Adcyap1,Adcyap1r1,PACAP,pain,0.1622645687198071
Atf3/Gfra3/Gal,Excit-25,Adcyap1,Adcyap1r1,PACAP,pain,0.05194275521809885
Atf3/Gfra3/Gal,Excit-29,Adcyap1,Adcyap1r1,PACAP,pain,0.07320848464773619
Atf3/Gfra3/Gal,Excit-30,Adcyap1,Adcyap1r1,PACAP,pain,0.0604142700417589
Atf3/Gfra3/Gal,Excit-31,Adcyap1,Adcyap1r1,PACAP,pain,0.0779722118519439
Atf3/Gfra3/Gal,Excit-32,Adcyap1,Adcyap1r1,PACAP,pain,0.06083772014125232
Atf3/Gfra3/Gal,Excit-34,Adcyap1,Adcyap1r1,PACAP,pain,0.07045304898298814
Atf3/Gfra3/Gal,Excit-38,Adcyap1,Adcyap1r1,PACAP,pain,0.12249267035793215
Atf3/Gfra3/Gal,Inhib-01,Adcyap1,Adcyap1r1,PACAP,pain,0.07404003962976935
Atf3/Gfra3/Gal,Inhib-04,Adcyap1,Adcyap1r1,PACAP,pain,0.0810627444554292
Atf3/Gfra3/Gal,Inhib-05,Adcyap1,Adcyap1r1,PACAP,pain,0.09851439705940221
Atf3/Gfra3/Gal,Inhib-08,Adcyap1,Adcyap1r1,PACAP,pain,0.059938478231144635
Atf3/Gfra3/Gal,Inhib-09,Adcyap1,Adcyap1r1,PACAP,pain,0.07478744990668393
Atf3/Gfra3/Gal,Inhib-11,Adcyap1,Adcyap1r1,PACAP,pain,0.07958629406560988
Atf3/Gfra3/Gal,Inhib-12,Adcyap1,Adcyap1r1,PACAP,pain,0.07332447942940638
Atf3/Gfra3/Gal,Inhib-14,Adcyap1,Adcyap1r1,PACAP,pain,0.0722945104043994
Atf3/Gfra3/Gal,Inhib-15,Adcyap1,Adcyap1r1,PACAP,pain,0.08408891721467394
Atf3/Gfra3/Gal,Inhib-18,Adcyap1,Adcyap1r1,PACAP,pain,0.09480197000761505
Atf3/Gfra3/Gal,Inhib-19,Adcyap1,Adcyap1r1,PACAP,pain,0.4999152607397528
Atf3/Gfra3/Gal,Inhib-22,Adcyap1,Adcyap1r1,PACAP,pain,0.06575173509504896
Atf3/Gfra3/Gal,Inhib-23,Adcyap1,Adcyap1r1,PACAP,pain,0.11161818162475395
Atf3/Gfra3/Gal,Inhib-24,Adcyap1,Adcyap1r1,PACAP,pain,0.061878080667424736
Atf3/Gfra3/Gal,MN-alpha,Adcyap1,Adcyap1r1,PACAP,pain,0.08290767587255105
Atf3/Gfra3/Gal,MN-gamma,Adcyap1,Adcyap1r1,PACAP,pain,0.07755455504771065
Atf3/Gfra3/Gal,PGC,Adcyap1,Adcyap1r1,PACAP,pain,0.07684621118422587
Atf3/Mrgprd,Excit-02,Adcyap1,Adcyap1r1,PACAP,pain,0.10750571463855967
Atf3/Mrgprd,Excit-13,Adcyap1,Adcyap1r1,PACAP,pain,0.0936703669582807
Atf3/Mrgprd,Excit-14,Adcyap1,Adcyap1r1,PACAP,pain,0.08111155798637423
Atf3/Mrgprd,Excit-21,Adcyap1,Adcyap1r1,PACAP,pain,0.05289478126876846
Atf3/Mrgprd,Excit-22,Adcyap1,Adcyap1r1,PACAP,pain,0.11599901290265678
Atf3/Mrgprd,Excit-29,Adcyap1,Adcyap1r1,PACAP,pain,0.0523349738161298
Atf3/Mrgprd,Excit-31,Adcyap1,Adcyap1r1,PACAP,pain,0.05574044709834595
Atf3/Mrgprd,Excit-34,Adcyap1,Adcyap1r1,PACAP,pain,0.05036517954896929
Atf3/Mrgprd,Excit-38,Adcyap1,Adcyap1r1,PACAP,pain,0.08756704535952219
Atf3/Mrgprd,Inhib-01,Adcyap1,Adcyap1r1,PACAP,pain,0.052929432346732974
Atf3/Mrgprd,Inhib-04,Adcyap1,Adcyap1r1,PACAP,pain,0.05794979405668789
Atf3/Mrgprd,Inhib-05,Adcyap1,Adcyap1r1,PACAP,pain,0.07042555812244994
Atf3/Mrgprd,Inhib-09,Adcyap1,Adcyap1r1,PACAP,pain,0.05346373786419378
Atf3/Mrgprd,Inhib-11,Adcyap1,Adcyap1r1,PACAP,pain,0.056894315407405416
Atf3/Mrgprd,Inhib-12,Adcyap1,Adcyap1r1,PACAP,pain,0.0524178956781343
Atf3/Mrgprd,Inhib-14,Adcyap1,Adcyap1r1,PACAP,pain,0.051681595750406824
Atf3/Mrgprd,Inhib-15,Adcyap1,Adcyap1r1,PACAP,pain,0.06011313172007792
Atf3/Mrgprd,Inhib-18,Adcyap1,Adcyap1r1,PACAP,pain,0.06777163387467383
Atf3/Mrgprd,Inhib-19,Adcyap1,Adcyap1r1,PACAP,pain,0.35737732049761395
Atf3/Mrgprd,Inhib-23,Adcyap1,Adcyap1r1,PACAP,pain,0.07979313655847069
Atf3/Mrgprd,MN-alpha,Adcyap1,Adcyap1r1,PACAP,pain,0.059268690874074915
Atf3/Mrgprd,MN-gamma,Adcyap1,Adcyap1r1,PACAP,pain,0.05544187435751062
Atf3/Mrgprd,PGC,Adcyap1,Adcyap1r1,PACAP,pain,0.05493549647348978
Atf3/S100b/Gal,Excit-01,Adcyap1,Adcyap1r1,PACAP,pain,0.09366961005359481
Atf3/S100b/Gal,Excit-02,Adcyap1,Adcyap1r1,PACAP,pain,0.30081851441738994
Atf3/S100b/Gal,Excit-03,Adcyap1,Adcyap1r1,PACAP,pain,0.08189424488735866
Atf3/S100b/Gal,Excit-04,Adcyap1,Adcyap1r1,PACAP,pain,0.0654440132297308
Atf3/S100b/Gal,Excit-05,Adcyap1,Adcyap1r1,PACAP,pain,0.13542311124693945
Atf3/S100b/Gal,Excit-06,Adcyap1,Adcyap1r1,PACAP,pain,0.0840610655968716
Atf3/S100b/Gal,Excit-11,Adcyap1,Adcyap1r1,PACAP,pain,0.05945206763013872
Atf3/S100b/Gal,Excit-12,Adcyap1,Adcyap1r1,PACAP,pain,0.1330614284170013
Atf3/S100b/Gal,Excit-13,Adcyap1,Adcyap1r1,PACAP,pain,0.26210495626262353
Atf3/S100b/Gal,Excit-14,Adcyap1,Adcyap1r1,PACAP,pain,0.22696336150663982
Atf3/S100b/Gal,Excit-16,Adcyap1,Adcyap1r1,PACAP,pain,0.07855669238637053
Atf3/S100b/Gal,Excit-18,Adcyap1,Adcyap1r1,PACAP,pain,0.130631591732012
Atf3/S100b/Gal,Excit-19,Adcyap1,Adcyap1r1,PACAP,pain,0.13298239503666337
Atf3/S100b/Gal,Excit-20,Adcyap1,Adcyap1r1,PACAP,pain,0.08338826579738208
Atf3/S100b/Gal,Excit-21,Adcyap1,Adcyap1r1,PACAP,pain,0.14800822054157636
Atf3/S100b/Gal,Excit-22,Adcyap1,Adcyap1r1,PACAP,pain,0.3245841474807052
Atf3/S100b/Gal,Excit-24,Adcyap1,Adcyap1r1,PACAP,pain,0.06398025041497707
Atf3/S100b/Gal,Excit-25,Adcyap1,Adcyap1r1,PACAP,pain,0.10390311978321332
Atf3/S100b/Gal,Excit-29,Adcyap1,Adcyap1r1,PACAP,pain,0.14644178803304678
Atf3/S100b/Gal,Excit-30,Adcyap1,Adcyap1r1,PACAP,pain,0.12084902139686735
Atf3/S100b/Gal,Excit-31,Adcyap1,Adcyap1r1,PACAP,pain,0.1559708574140426
Atf3/S100b/Gal,Excit-32,Adcyap1,Adcyap1r1,PACAP,pain,0.12169606515157652
Atf3/S100b/Gal,Excit-34,Adcyap1,Adcyap1r1,PACAP,pain,0.14092998257091569
Atf3/S100b/Gal,Excit-38,Adcyap1,Adcyap1r1,PACAP,pain,0.24502686750685077
Atf3/S100b/Gal,Inhib-01,Adcyap1,Adcyap1r1,PACAP,pain,0.14810517990630678
Atf3/S100b/Gal,Inhib-02,Adcyap1,Adcyap1r1,PACAP,pain,0.06891393697340854
Atf3/S100b/Gal,Inhib-03,Adcyap1,Adcyap1r1,PACAP,pain,0.06113815992967793
Atf3/S100b/Gal,Inhib-04,Adcyap1,Adcyap1r1,PACAP,pain,0.1621529703563682
Atf3/S100b/Gal,Inhib-05,Adcyap1,Adcyap1r1,PACAP,pain,0.19706219192753768
Atf3/S100b/Gal,Inhib-06,Adcyap1,Adcyap1r1,PACAP,pain,0.09709907081931617
Atf3/S100b/Gal,Inhib-07,Adcyap1,Adcyap1r1,PACAP,pain,0.05833508826133458
Atf3/S100b/Gal,Inhib-08,Adcyap1,Adcyap1r1,PACAP,pain,0.11989727647531762
Atf3/S100b/Gal,Inhib-09,Adcyap1,Adcyap1r1,PACAP,pain,0.14960025384305475
Atf3/S100b/Gal,Inhib-11,Adcyap1,Adcyap1r1,PACAP,pain,0.15919956903864377
Atf3/S100b/Gal,Inhib-12,Adcyap1,Adcyap1r1,PACAP,pain,0.14667381692029968
Atf3/S100b/Gal,Inhib-14,Adcyap1,Adcyap1r1,PACAP,pain,0.14461352969585514
Atf3/S100b/Gal,Inhib-15,Adcyap1,Adcyap1r1,PACAP,pain,0.16820634179129246
Atf3/S100b/Gal,Inhib-16,Adcyap1,Adcyap1r1,PACAP,pain,0.09943730628747595
Atf3/S100b/Gal,Inhib-17,Adcyap1,Adcyap1r1,PACAP,pain,0.06258499698788678
Atf3/S100b/Gal,Inhib-18,Adcyap1,Adcyap1r1,PACAP,pain,0.18963607925737502
Atf3/S100b/Gal,Inhib-19,Adcyap1,Adcyap1r1,PACAP,pain,1.0
Atf3/S100b/Gal,Inhib-22,Adcyap1,Adcyap1r1,PACAP,pain,0.13152576098147595
Atf3/S100b/Gal,Inhib-23,Adcyap1,Adcyap1r1,PACAP,pain,0.22327420343117
Atf3/S100b/Gal,Inhib-24,Adcyap1,Adcyap1r1,PACAP,pain,0.1237771389012215
Atf3/S100b/Gal,MN-alpha,Adcyap1,Adcyap1r1,PACAP,pain,0.1658434586491076
Atf3/S100b/Gal,MN-gamma,Adcyap1,Adcyap1r1,PACAP,pain,0.15513540221386482
Atf3/S100b/Gal,PGC,Adcyap1,Adcyap1r1,PACAP,pain,0.1537184743480569
Cldn9,Excit-01,Adcyap1,Adcyap1r1,PACAP,pain,0.054575441752978286
Cldn9,Excit-02,Adcyap1,Adcyap1r1,PACAP,pain,0.1752681931995901
Cldn9,Excit-05,Adcyap1,Adcyap1r1,PACAP,pain,0.07890260369009407
Cldn9,Excit-12,Adcyap1,Adcyap1r1,PACAP,pain,0.07752659834908164
Cldn9,Excit-13,Adcyap1,Adcyap1r1,PACAP,pain,0.15271221653952813
Cldn9,Excit-14,Adcyap1,Adcyap1r1,PACAP,pain,0.13223740025050318
Cldn9,Excit-18,Adcyap1,Adcyap1r1,PACAP,pain,0.07611088400592371
Cldn9,Excit-19,Adcyap1,Adcyap1r1,PACAP,pain,0.07748055052585802
Cldn9,Excit-21,Adcyap1,Adcyap1r1,PACAP,pain,0.0862351622314538
Cldn9,Excit-22,Adcyap1,Adcyap1r1,PACAP,pain,0.18911494586811836
Cldn9,Excit-25,Adcyap1,Adcyap1r1,PACAP,pain,0.06053786984313235
Cldn9,Excit-29,Adcyap1,Adcyap1r1,PACAP,pain,0.08532249967120278
Cldn9,Excit-30,Adcyap1,Adcyap1r1,PACAP,pain,0.07041119018618189
Cldn9,Excit-31,Adcyap1,Adcyap1r1,PACAP,pain,0.09087449429000251
Cldn9,Excit-32,Adcyap1,Adcyap1r1,PACAP,pain,0.07090470977135903
Cldn9,Excit-34,Adcyap1,Adcyap1r1,PACAP,pain,0.08211111427331153
Cldn9,Excit-38,Adcyap1,Adcyap1r1,PACAP,pain,0.1427618789902463
Cldn9,Inhib-01,Adcyap1,Adcyap1r1,PACAP,pain,0.08629165440815041
Cldn9,Inhib-04,Adcyap1,Adcyap1r1,PACAP,pain,0.09447642606489917
Cldn9,Inhib-05,Adcyap1,Adcyap1r1,PACAP,pain,0.11481585298691888
Cldn9,Inhib-06,Adcyap1,Adcyap1r1,PACAP,pain,0.056573574724351386
Cldn9,Inhib-08,Adcyap1,Adcyap1r1,PACAP,pain,0.06985666775889719
Cldn9,Inhib-09,Adcyap1,Adcyap1r1,PACAP,pain,0.08716274077762179
Cldn9,Inhib-11,Adcyap1,Adcyap1r1,PACAP,pain,0.0927556632529646
Cldn9,Inhib-12,Adcyap1,Adcyap1r1,PACAP,pain,0.08545768843748498
Cldn9,Inhib-14,Adcyap1,Adcyap1r1,PACAP,pain,0.0842572875246623
Cldn9,Inhib-15,Adcyap1,Adcyap1r1,PACAP,pain,0.0980033481900882
Cldn9,Inhib-16,Adcyap1,Adcyap1r1,PACAP,pain,0.057935918749529754
Cldn9,Inhib-18,Adcyap1,Adcyap1r1,PACAP,pain,0.11048912013034323
Cldn9,Inhib-19,Adcyap1,Adcyap1r1,PACAP,pain,0.5826376529351615
Cldn9,Inhib-22,Adcyap1,Adcyap1r1,PACAP,pain,0.07663186067875818
Cldn9,Inhib-23,Adcyap1,Adcyap1r1,PACAP,pain,0.13008795784810465
Cldn9,Inhib-24,Adcyap1,Adcyap1r1,PACAP,pain,0.07211722169643715
Cldn9,MN-alpha,Adcyap1,Adcyap1r1,PACAP,pain,0.09662664350196556
Cldn9,MN-gamma,Adcyap1,Adcyap1r1,PACAP,pain,0.09038772663303844
Cldn9,PGC,Adcyap1,Adcyap1r1,PACAP,pain,0.0895621711069257
Mrgpra3,Inhib-19,Adcyap1,Adcyap1r1,PACAP,pain,0.07490607211547277
S100b/Prokr2,Inhib-19,Adcyap1,Adcyap1r1,PACAP,pain,0.1455927042642625
S100b/Wnt7a,Inhib-19,Adcyap1,Adcyap1r1,PACAP,pain,0.11113563015474581
Zcchc12/Dcn,Excit-01,Adcyap1,Adcyap1r1,PACAP,pain,0.052731355090639594
Zcchc12/Dcn,Excit-02,Adcyap1,Adcyap1r1,PACAP,pain,0.16934593719890595
Zcchc12/Dcn,Excit-05,Adcyap1,Adcyap1r1,PACAP,pain,0.0762365100330371
Zcchc12/Dcn,Excit-12,Adcyap1,Adcyap1r1,PACAP,pain,0.07490699947090623
Zcchc12/Dcn,Excit-13,Adcyap1,Adcyap1r1,PACAP,pain,0.14755211975146407
Zcchc12/Dcn,Excit-14,Adcyap1,Adcyap1r1,PACAP,pain,0.12776914093401331
Zcchc12/Dcn,Excit-18,Adcyap1,Adcyap1r1,PACAP,pain,0.07353912166106884
Zcchc12/Dcn,Excit-19,Adcyap1,Adcyap1r1,PACAP,pain,0.07486250758885153
Zcchc12/Dcn,Excit-21,Adcyap1,Adcyap1r1,PACAP,pain,0.08332130377446828
Zcchc12/Dcn,Excit-22,Adcyap1,Adcyap1r1,PACAP,pain,0.18272481253850098
Zcchc12/Dcn,Excit-25,Adcyap1,Adcyap1r1,PACAP,pain,0.058492314649105474
Zcchc12/Dcn,Excit-29,Adcyap1,Adcyap1r1,PACAP,pain,0.08243947978923408
Zcchc12/Dcn,Excit-30,Adcyap1,Adcyap1r1,PACAP,pain,0.06803201866633533
Zcchc12/Dcn,Excit-31,Adcyap1,Adcyap1r1,PACAP,pain,0.08780387429162528
Zcchc12/Dcn,Excit-32,Adcyap1,Adcyap1r1,PACAP,pain,0.06850886238311095
Zcchc12/Dcn,Excit-34,Adcyap1,Adcyap1r1,PACAP,pain,0.0793366060733313
Zcchc12/Dcn,Excit-38,Adcyap1,Adcyap1r1,PACAP,pain,0.13793800091468392
Zcchc12/Dcn,Inhib-01,Adcyap1,Adcyap1r1,PACAP,pain,0.08337588709864394
Zcchc12/Dcn,Inhib-04,Adcyap1,Adcyap1r1,PACAP,pain,0.09128409794778962
Zcchc12/Dcn,Inhib-05,Adcyap1,Adcyap1r1,PACAP,pain,0.1109362621614967
Zcchc12/Dcn,Inhib-06,Adcyap1,Adcyap1r1,PACAP,pain,0.054661971790156104
Zcchc12/Dcn,Inhib-08,Adcyap1,Adcyap1r1,PACAP,pain,0.0674962333739098
Zcchc12/Dcn,Inhib-09,Adcyap1,Adcyap1r1,PACAP,pain,0.08421753973924219
Zcchc12/Dcn,Inhib-11,Adcyap1,Adcyap1r1,PACAP,pain,0.08962147915903858
Zcchc12/Dcn,Inhib-12,Adcyap1,Adcyap1r1,PACAP,pain,0.08257010057048872
Zcchc12/Dcn,Inhib-14,Adcyap1,Adcyap1r1,PACAP,pain,0.08141026081927451
Zcchc12/Dcn,Inhib-15,Adcyap1,Adcyap1r1,PACAP,pain,0.09469184650623763
Zcchc12/Dcn,Inhib-16,Adcyap1,Adcyap1r1,PACAP,pain,0.05597828264793071
Zcchc12/Dcn,Inhib-18,Adcyap1,Adcyap1r1,PACAP,pain,0.10675572821959826
Zcchc12/Dcn,Inhib-19,Adcyap1,Adcyap1r1,PACAP,pain,0.5629505136240919
Zcchc12/Dcn,Inhib-22,Adcyap1,Adcyap1r1,PACAP,pain,0.07404249469932143
Zcchc12/Dcn,Inhib-23,Adcyap1,Adcyap1r1,PACAP,pain,0.12569232750058712
Zcchc12/Dcn,Inhib-24,Adcyap1,Adcyap1r1,PACAP,pain,0.0696804039193632
Zcchc12/Dcn,MN-alpha,Adcyap1,Adcyap1r1,PACAP,pain,0.09336166022771097
Zcchc12/Dcn,MN-gamma,Adcyap1,Adcyap1r1,PACAP,pain,0.08733355435757528
Zcchc12/Dcn,PGC,Adcyap1,Adcyap1r1,PACAP,pain,0.08653589408775043
Zcchc12/Sstr2,Excit-01,Adcyap1,Adcyap1r1,PACAP,pain,0.06514960664753423
Zcchc12/Sstr2,Excit-02,Adcyap1,Adcyap1r1,PACAP,pain,0.20922696139521754
Zcchc12/Sstr2,Excit-03,Adcyap1,Adcyap1r1,PACAP,pain,0.05695953936453374
Zcchc12/Sstr2,Excit-05,Adcyap1,Adcyap1r1,PACAP,pain,0.09419023334969866
Zcchc12/Sstr2,Excit-06,Adcyap1,Adcyap1r1,PACAP,pain,0.05846661852094024
Zcchc12/Sstr2,Excit-12,Adcyap1,Adcyap1r1,PACAP,pain,0.09254762261064818
Zcchc12/Sstr2,Excit-13,Adcyap1,Adcyap1r1,PACAP,pain,0.18230069273384095
Zcchc12/Sstr2,Excit-14,Adcyap1,Adcyap1r1,PACAP,pain,0.15785881586460415
Zcchc12/Sstr2,Excit-16,Adcyap1,Adcyap1r1,PACAP,pain,0.05463818633999933
Zcchc12/Sstr2,Excit-18,Adcyap1,Adcyap1r1,PACAP,pain,0.09085760912437205
Zcchc12/Sstr2,Excit-19,Adcyap1,Adcyap1r1,PACAP,pain,0.09249265287566055
Zcchc12/Sstr2,Excit-20,Adcyap1,Adcyap1r1,PACAP,pain,0.057998669073257035
Zcchc12/Sstr2,Excit-21,Adcyap1,Adcyap1r1,PACAP,pain,0.10294349835947816
Zcchc12/Sstr2,Excit-22,Adcyap1,Adcyap1r1,PACAP,pain,0.22575656630035934
Zcchc12/Sstr2,Excit-25,Adcyap1,Adcyap1r1,PACAP,pain,0.07226727408659894
Zcchc12/Sstr2,Excit-29,Adcyap1,Adcyap1r1,PACAP,pain,0.10185400453418923
Zcchc12/Sstr2,Excit-30,Adcyap1,Adcyap1r1,PACAP,pain,0.08405358155372399
Zcchc12/Sstr2,Excit-31,Adcyap1,Adcyap1r1,PACAP,pain,0.1084817157153688
Zcchc12/Sstr2,Excit-32,Adcyap1,Adcyap1r1,PACAP,pain,0.08464272212344535
Zcchc12/Sstr2,Excit-34,Adcyap1,Adcyap1r1,PACAP,pain,0.09802040303237762
Zcchc12/Sstr2,Excit-38,Adcyap1,Adcyap1r1,PACAP,pain,0.17042244573255996
Zcchc12/Sstr2,Inhib-01,Adcyap1,Adcyap1r1,PACAP,pain,0.1030109360745425
Zcchc12/Sstr2,Inhib-04,Adcyap1,Adcyap1r1,PACAP,pain,0.11278153319312595
Zcchc12/Sstr2,Inhib-05,Adcyap1,Adcyap1r1,PACAP,pain,0.13706178857619003
Zcchc12/Sstr2,Inhib-06,Adcyap1,Adcyap1r1,PACAP,pain,0.06753488421805105
Zcchc12/Sstr2,Inhib-08,Adcyap1,Adcyap1r1,PACAP,pain,0.08339161864780097
Zcchc12/Sstr2,Inhib-09,Adcyap1,Adcyap1r1,PACAP,pain,0.10405079819025302
Zcchc12/Sstr2,Inhib-11,Adcyap1,Adcyap1r1,PACAP,pain,0.11072736712996029
Zcchc12/Sstr2,Inhib-12,Adcyap1,Adcyap1r1,PACAP,pain,0.10201538655261276
Zcchc12/Sstr2,Inhib-14,Adcyap1,Adcyap1r1,PACAP,pain,0.10058240415654317
Zcchc12/Sstr2,Inhib-15,Adcyap1,Adcyap1r1,PACAP,pain,0.11699180766369421
Zcchc12/Sstr2,Inhib-16,Adcyap1,Adcyap1r1,PACAP,pain,0.06916118671800554
Zcchc12/Sstr2,Inhib-18,Adcyap1,Adcyap1r1,PACAP,pain,0.13189673750888498
Zcchc12/Sstr2,Inhib-19,Adcyap1,Adcyap1r1,PACAP,pain,0.6955255456946782
Zcchc12/Sstr2,Inhib-22,Adcyap1,Adcyap1r1,PACAP,pain,0.09147952667954887
Zcchc12/Sstr2,Inhib-23,Adcyap1,Adcyap1r1,PACAP,pain,0.15529291218100907
Zcchc12/Sstr2,Inhib-24,Adcyap1,Adcyap1r1,PACAP,pain,0.08609016207879804
Zcchc12/Sstr2,MN-alpha,Adcyap1,Adcyap1r1,PACAP,pain,0.11534836207681336
Zcchc12/Sstr2,MN-gamma,Adcyap1,Adcyap1r1,PACAP,pain,0.10790063528136169
Zcchc12/Sstr2,PGC,Adcyap1,Adcyap1r1,PACAP,pain,0.10691512575428566
Zcchc12/Trpm8,Inhib-19,Adcyap1,Adcyap1r1,PACAP,pain,0.11321480006589772
Atf3/Gfra3/Gal,Excit-01,Penk,Oprd1,Opioid,shared,0.050872783348718545
Atf3/Gfra3/Gal,Excit-18,Penk,Oprd1,Opioid,shared,0.0587248725417734
Atf3/Gfra3/Gal,Excit-19,Penk,Oprd1,Opioid,shared,0.06950001810463076
Atf3/Gfra3/Gal,Excit-21,Penk,Oprd1,Opioid,shared,0.0572125884844396
Atf3/Gfra3/Gal,Excit-22,Penk,Oprd1,Opioid,shared,0.1007527951833489
Atf3/Gfra3/Gal,Inhib-17,Penk,Oprd1,Opioid,shared,0.061151217132540056
Atf3/Gfra3/Gal,Inhib-19,Penk,Oprd1,Opioid,shared,0.5220116128413074
Atf3/Gfra3/Gal,Inhib-23,Penk,Oprd1,Opioid,shared,0.1218065957703128
Atf3/S100b/Gal,Inhib-19,Penk,Oprd1,Opioid,shared,0.05761580191959939
Th/Fam19a4,Inhib-19,Penk,Oprd1,Opioid,shared,0.06832963301554132
Zcchc12/Rxfp1,Inhib-19,Penk,Oprd1,Opioid,shared,0.08658811068449623
Zcchc12/Trpm8,Excit-01,Penk,Oprd1,Opioid,shared,0.09745527129524603
Zcchc12/Trpm8,Excit-08,Penk,Oprd1,Opioid,shared,0.09369814466241214
Zcchc12/Trpm8,Excit-12,Penk,Oprd1,Opioid,shared,0.07159190554672208
Zcchc12/Trpm8,Excit-14,Penk,Oprd1,Opioid,shared,0.05842466886807184
Zcchc12/Trpm8,Excit-18,Penk,Oprd1,Opioid,shared,0.1124972531207383
Zcchc12/Trpm8,Excit-19,Penk,Oprd1,Opioid,shared,0.1331388352192826
Zcchc12/Trpm8,Excit-21,Penk,Oprd1,Opioid,shared,0.10960022167520699
Zcchc12/Trpm8,Excit-22,Penk,Oprd1,Opioid,shared,0.19300872376181788
Zcchc12/Trpm8,Excit-24,Penk,Oprd1,Opioid,shared,0.06344391937200375
Zcchc12/Trpm8,Excit-25,Penk,Oprd1,Opioid,shared,0.07114898636938
Zcchc12/Trpm8,Excit-31,Penk,Oprd1,Opioid,shared,0.09430701663287112
Zcchc12/Trpm8,Inhib-11,Penk,Oprd1,Opioid,shared,0.06824330367521865
Zcchc12/Trpm8,Inhib-16,Penk,Oprd1,Opioid,shared,0.054946654381888914
Zcchc12/Trpm8,Inhib-17,Penk,Oprd1,Opioid,shared,0.11714531943014488
Zcchc12/Trpm8,Inhib-18,Penk,Oprd1,Opioid,shared,0.06879137025838222
Zcchc12/Trpm8,Inhib-19,Penk,Oprd1,Opioid,shared,1.0
Zcchc12/Trpm8,Inhib-22,Penk,Oprd1,Opioid,shared,0.08757026708104124
Zcchc12/Trpm8,Inhib-23,Penk,Oprd1,Opioid,shared,0.233340777817796
Atf3/Gfra3/Gal,Excit-01,Penk,Oprm1,Opioid,shared,0.09697845924194796
Atf3/Gfra3/Gal,Excit-02,Penk,Oprm1,Opioid,shared,0.17917762498759862
Atf3/Gfra3/Gal,Excit-04,Penk,Oprm1,Opioid,shared,0.2863430401536543
Atf3/Gfra3/Gal,Excit-05,Penk,Oprm1,Opioid,shared,0.1581199501893865
Atf3/Gfra3/Gal,Excit-06,Penk,Oprm1,Opioid,shared,0.11550797061565923
Atf3/Gfra3/Gal,Excit-08,Penk,Oprm1,Opioid,shared,0.5220116128413073
Atf3/Gfra3/Gal,Excit-09,Penk,Oprm1,Opioid,shared,0.1948296790193577
Atf3/Gfra3/Gal,Excit-10,Penk,Oprm1,Opioid,shared,0.09733427190652127
Atf3/Gfra3/Gal,Excit-11,Penk,Oprm1,Opioid,shared,0.07953520066534343
Atf3/Gfra3/Gal,Excit-12,Penk,Oprm1,Opioid,shared,0.05837516810690773
Atf3/Gfra3/Gal,Excit-13,Penk,Oprm1,Opioid,shared,0.3046762962653086
Atf3/Gfra3/Gal,Excit-19,Penk,Oprm1,Opioid,shared,0.18629352163490662
Atf3/Gfra3/Gal,Excit-20,Penk,Oprm1,Opioid,shared,0.14967096042438635
Atf3/Gfra3/Gal,Excit-21,Penk,Oprm1,Opioid,shared,0.160589032022981
Atf3/Gfra3/Gal,Excit-22,Penk,Oprm1,Opioid,shared,0.28070842803771057
Atf3/Gfra3/Gal,Excit-23,Penk,Oprm1,Opioid,shared,0.26278870022182715
Atf3/Gfra3/Gal,Excit-24,Penk,Oprm1,Opioid,shared,0.08671330694401744
Atf3/Gfra3/Gal,Excit-25,Penk,Oprm1,Opioid,shared,0.33138676476407236
Atf3/Gfra3/Gal,Excit-29,Penk,Oprm1,Opioid,shared,0.0736080370622682
Atf3/Gfra3/Gal,Excit-30,Penk,Oprm1,Opioid,shared,0.07964528554822439
Atf3/Gfra3/Gal,Excit-31,Penk,Oprm1,Opioid,shared,0.19742774573057598
Atf3/Gfra3/Gal,Excit-32,Penk,Oprm1,Opioid,shared,0.18852124757564567
Atf3/Gfra3/Gal,Excit-34,Penk,Oprm1,Opioid,shared,0.24765655501617503
Atf3/Gfra3/Gal,Excit-38,Penk,Oprm1,Opioid,shared,0.29430347942316054
Atf3/Gfra3/Gal,Inhib-01,Penk,Oprm1,Opioid,shared,0.19249122792742066
Atf3/Gfra3/Gal,Inhib-02,Penk,Oprm1,Opioid,shared,0.2170886543253476
Atf3/Gfra3/Gal,Inhib-03,Penk,Oprm1,Opioid,shared,0.5148798858415529
Atf3/Gfra3/Gal,Inhib-04,Penk,Oprm1,Opioid,shared,0.45119005064610673
Atf3/Gfra3/Gal,Inhib-05,Penk,Oprm1,Opioid,shared,0.08293941732531213
Atf3/Gfra3/Gal,Inhib-06,Penk,Oprm1,Opioid,shared,0.23590989567977064
Atf3/Gfra3/Gal,Inhib-07,Penk,Oprm1,Opioid,shared,0.33743842487881415
Atf3/Gfra3/Gal,Inhib-08,Penk,Oprm1,Opioid,shared,0.3895942403854831
Atf3/Gfra3/Gal,Inhib-09,Penk,Oprm1,Opioid,shared,0.1617294518915588
Atf3/Gfra3/Gal,Inhib-11,Penk,Oprm1,Opioid,shared,0.31202948688535515
Atf3/Gfra3/Gal,Inhib-12,Penk,Oprm1,Opioid,shared,0.20268548400423905
Atf3/Gfra3/Gal,Inhib-14,Penk,Oprm1,Opioid,shared,0.25066498243858276
Atf3/Gfra3/Gal,Inhib-15,Penk,Oprm1,Opioid,shared,0.14138790461924064
Atf3/Gfra3/Gal,Inhib-16,Penk,Oprm1,Opioid,shared,0.2316586406372828
Atf3/Gfra3/Gal,Inhib-17,Penk,Oprm1,Opioid,shared,0.16713939010140105
Atf3/Gfra3/Gal,Inhib-18,Penk,Oprm1,Opioid,shared,0.19356565473911067
Atf3/Gfra3/Gal,Inhib-20,Penk,Oprm1,Opioid,shared,0.42064843820265974
Atf3/Gfra3/Gal,Inhib-22,Penk,Oprm1,Opioid,shared,0.20481011339940924
Atf3/Gfra3/Gal,Inhib-23,Penk,Oprm1,Opioid,shared,0.2642352173673271
Atf3/Gfra3/Gal,Inhib-24,Penk,Oprm1,Opioid,shared,0.06914560445190389
Atf3/Gfra3/Gal,MN-alpha,Penk,Oprm1,Opioid,shared,0.06435464878091535
Atf3/Gfra3/Gal,MN-gamma,Penk,Oprm1,Opioid,shared,0.09483061298902651
Atf3/Gfra3/Gal,PGC,Penk,Oprm1,Opioid,shared,0.08096333542100502
Atf3/S100b/Gal,Excit-08,Penk,Oprm1,Opioid,shared,0.057615801919599384
Atf3/S100b/Gal,Inhib-03,Penk,Oprm1,Opioid,shared,0.056828654354191814
Th/Fam19a4,Excit-08,Penk,Oprm1,Opioid,shared,0.06832963301554132
Th/Fam19a4,Inhib-03,Penk,Oprm1,Opioid,shared,0.06739611300052128
Th/Fam19a4,Inhib-04,Penk,Oprm1,Opioid,shared,0.05905931941457452
Th/Fam19a4,Inhib-08,Penk,Oprm1,Opioid,shared,0.05099662692485243
Th/Fam19a4,Inhib-20,Penk,Oprm1,Opioid,shared,0.055061521054103855
Zcchc12/Rxfp1,Excit-08,Penk,Oprm1,Opioid,shared,0.08658811068449623
Zcchc12/Rxfp1,Excit-13,Penk,Oprm1,Opioid,shared,0.05053785052859141
Zcchc12/Rxfp1,Excit-25,Penk,Oprm1,Opioid,shared,0.05496842055023726
Zcchc12/Rxfp1,Inhib-03,Penk,Oprm1,Opioid,shared,0.08540514319558316
Zcchc12/Rxfp1,Inhib-04,Penk,Oprm1,Opioid,shared,0.07484066078998365
Zcchc12/Rxfp1,Inhib-07,Penk,Oprm1,Opioid,shared,0.055972233114843
Zcchc12/Rxfp1,Inhib-08,Penk,Oprm1,Opioid,shared,0.06462352250158797
Zcchc12/Rxfp1,Inhib-11,Penk,Oprm1,Opioid,shared,0.05175755305556631
Zcchc12/Rxfp1,Inhib-20,Penk,Oprm1,Opioid,shared,0.06977460391752836
Zcchc12/Trpm8,Excit-01,Penk,Oprm1,Opioid,shared,0.1857783559911523
Zcchc12/Trpm8,Excit-02,Penk,Oprm1,Opioid,shared,0.3432445190487917
Zcchc12/Trpm8,Excit-03,Penk,Oprm1,Opioid,shared,0.0879102377790987
Zcchc12/Trpm8,Excit-04,Penk,Oprm1,Opioid,shared,0.5485376821314188
Zcchc12/Trpm8,Excit-05,Penk,Oprm1,Opioid,shared,0.3029050432972941
Zcchc12/Trpm8,Excit-06,Penk,Oprm1,Opioid,shared,0.22127471453546746
Zcchc12/Trpm8,Excit-08,Penk,Oprm1,Opioid,shared,1.0
Zcchc12/Trpm8,Excit-09,Penk,Oprm1,Opioid,shared,0.37322862983622235
Zcchc12/Trpm8,Excit-10,Penk,Oprm1,Opioid,shared,0.18645997428434818
Zcchc12/Trpm8,Excit-11,Penk,Oprm1,Opioid,shared,0.15236289520923418
Zcchc12/Trpm8,Excit-12,Penk,Oprm1,Opioid,shared,0.11182733615670329
Zcchc12/Trpm8,Excit-13,Penk,Oprm1,Opioid,shared,0.5836580811046649
Zcchc12/Trpm8,Excit-19,Penk,Oprm1,Opioid,shared,0.3568762017015515
Zcchc12/Trpm8,Excit-20,Penk,Oprm1,Opioid,shared,0.28671959922448437
Zcchc12/Trpm8,Excit-21,Penk,Oprm1,Opioid,shared,0.30763497989804384
Zcchc12/Trpm8,Excit-22,Penk,Oprm1,Opioid,shared,0.5377436461802365
Zcchc12/Trpm8,Excit-23,Penk,Oprm1,Opioid,shared,0.5034154293837817
Zcchc12/Trpm8,Excit-24,Penk,Oprm1,Opioid,shared,0.1661137507497912
Zcchc12/Trpm8,Excit-25,Penk,Oprm1,Opioid,shared,0.6348264226543455
Zcchc12/Trpm8,Excit-29,Penk,Oprm1,Opioid,shared,0.14100842826392296
Zcchc12/Trpm8,Excit-30,Penk,Oprm1,Opioid,shared,0.152573781097925
Zcchc12/Trpm8,Excit-31,Penk,Oprm1,Opioid,shared,0.37820565840667303
Zcchc12/Trpm8,Excit-32,Penk,Oprm1,Opioid,shared,0.36114378097744837
Zcchc12/Trpm8,Excit-34,Penk,Oprm1,Opioid,shared,0.47442729035888936
Zcchc12/Trpm8,Excit-38,Penk,Oprm1,Opioid,shared,0.5637872265355702
Zcchc12/Trpm8,Inhib-01,Penk,Oprm1,Opioid,shared,0.36874893813126414
Zcchc12/Trpm8,Inhib-02,Penk,Oprm1,Opioid,shared,0.41586939636023584
Zcchc12/Trpm8,Inhib-03,Penk,Oprm1,Opioid,shared,0.9863379916762073
Zcchc12/Trpm8,Inhib-04,Penk,Oprm1,Opioid,shared,0.8643295274415084
Zcchc12/Trpm8,Inhib-05,Penk,Oprm1,Opioid,shared,0.15888423798442564
Zcchc12/Trpm8,Inhib-06,Penk,Oprm1,Opioid,shared,0.4519246121666028
Zcchc12/Trpm8,Inhib-07,Penk,Oprm1,Opioid,shared,0.6464193833584237
Zcchc12/Trpm8,Inhib-08,Penk,Oprm1,Opioid,shared,0.7463325159854646
Zcchc12/Trpm8,Inhib-09,Penk,Oprm1,Opioid,shared,0.30981964368812787
Zcchc12/Trpm8,Inhib-10,Penk,Oprm1,Opioid,shared,0.090287984671759
Zcchc12/Trpm8,Inhib-11,Penk,Oprm1,Opioid,shared,0.5977443397992237
Zcchc12/Trpm8,Inhib-12,Penk,Oprm1,Opioid,shared,0.38827772987850345
Zcchc12/Trpm8,Inhib-13,Penk,Oprm1,Opioid,shared,0.06830401076985576
Zcchc12/Trpm8,Inhib-14,Penk,Oprm1,Opioid,shared,0.48019043307142956
Zcchc12/Trpm8,Inhib-15,Penk,Oprm1,Opioid,shared,0.27085202922913304
Zcchc12/Trpm8,Inhib-16,Penk,Oprm1,Opioid,shared,0.44378062659634276
Zcchc12/Trpm8,Inhib-17,Penk,Oprm1,Opioid,shared,0.3201832794325436
Zcchc12/Trpm8,Inhib-18,Penk,Oprm1,Opioid,shared,0.37080718125317846
Zcchc12/Trpm8,Inhib-20,Penk,Oprm1,Opioid,shared,0.8058219929496815
Zcchc12/Trpm8,Inhib-22,Penk,Oprm1,Opioid,shared,0.392347810587256
Zcchc12/Trpm8,Inhib-23,Penk,Oprm1,Opioid,shared,0.5061864733795782
Zcchc12/Trpm8,Inhib-24,Penk,Oprm1,Opioid,shared,0.13245989696578708
Zcchc12/Trpm8,MN-alpha,Penk,Oprm1,Opioid,shared,0.12328202514620935
Zcchc12/Trpm8,MN-gamma,Penk,Oprm1,Opioid,shared,0.1816637995328568
Zcchc12/Trpm8,PGC,Penk,Oprm1,Opioid,shared,0.15509872468223815
Zcchc12/Rxfp1,CSF-cN,Pdyn,Oprk1,Opioid,shared,0.6278399545745863
Zcchc12/Rxfp1,Excit-05,Pdyn,Oprk1,Opioid,shared,0.12508939389403192
Zcchc12/Rxfp1,Excit-11,Pdyn,Oprk1,Opioid,shared,0.34758339881442724
Zcchc12/Rxfp1,Excit-13,Pdyn,Oprk1,Opioid,shared,0.1170718572324236
Zcchc12/Rxfp1,Excit-15,Pdyn,Oprk1,Opioid,shared,0.1011856143976769
Zcchc12/Rxfp1,Excit-18,Pdyn,Oprk1,Opioid,shared,0.13378162721913583
Zcchc12/Rxfp1,Excit-19,Pdyn,Oprk1,Opioid,shared,0.06273769940100622
Zcchc12/Rxfp1,Excit-20,Pdyn,Oprk1,Opioid,shared,0.26547264454542707
Zcchc12/Rxfp1,Excit-21,Pdyn,Oprk1,Opioid,shared,0.17730379373535707
Zcchc12/Rxfp1,Excit-22,Pdyn,Oprk1,Opioid,shared,0.5753844107747901
Zcchc12/Rxfp1,Excit-23,Pdyn,Oprk1,Opioid,shared,0.12948160315401067
Zcchc12/Rxfp1,Excit-24,Pdyn,Oprk1,Opioid,shared,0.35024995474597337
Zcchc12/Rxfp1,Excit-25,Pdyn,Oprk1,Opioid,shared,0.19872176828530544
Zcchc12/Rxfp1,Excit-29,Pdyn,Oprk1,Opioid,shared,0.254399113859753
Zcchc12/Rxfp1,Excit-30,Pdyn,Oprk1,Opioid,shared,0.6242363116084821
Zcchc12/Rxfp1,Excit-31,Pdyn,Oprk1,Opioid,shared,0.15559211684344657
Zcchc12/Rxfp1,Excit-32,Pdyn,Oprk1,Opioid,shared,0.14277573159498272
Zcchc12/Rxfp1,Excit-34,Pdyn,Oprk1,Opioid,shared,0.1949898346633902
Zcchc12/Rxfp1,Excit-38,Pdyn,Oprk1,Opioid,shared,0.22253532982084445
Zcchc12/Rxfp1,Inhib-01,Pdyn,Oprk1,Opioid,shared,0.10681685271186168
Zcchc12/Rxfp1,Inhib-02,Pdyn,Oprk1,Opioid,shared,0.17364623669285534
Zcchc12/Rxfp1,Inhib-05,Pdyn,Oprk1,Opioid,shared,0.26948689574609
Zcchc12/Rxfp1,Inhib-06,Pdyn,Oprk1,Opioid,shared,0.06106861997187146
Zcchc12/Rxfp1,Inhib-08,Pdyn,Oprk1,Opioid,shared,0.14576704632249787
Zcchc12/Rxfp1,Inhib-09,Pdyn,Oprk1,Opioid,shared,0.20694943725562037
Zcchc12/Rxfp1,Inhib-10,Pdyn,Oprk1,Opioid,shared,0.05263098118439423
Zcchc12/Rxfp1,Inhib-11,Pdyn,Oprk1,Opioid,shared,0.15654841215156154
Zcchc12/Rxfp1,Inhib-12,Pdyn,Oprk1,Opioid,shared,0.0709455874897748
Zcchc12/Rxfp1,Inhib-13,Pdyn,Oprk1,Opioid,shared,0.6509667041590338
Zcchc12/Rxfp1,Inhib-14,Pdyn,Oprk1,Opioid,shared,0.3610433219980752
Zcchc12/Rxfp1,Inhib-15,Pdyn,Oprk1,Opioid,shared,0.17342958929941563
Zcchc12/Rxfp1,Inhib-16,Pdyn,Oprk1,Opioid,shared,0.18109017191481672
Zcchc12/Rxfp1,Inhib-17,Pdyn,Oprk1,Opioid,shared,0.19467584283347564
Zcchc12/Rxfp1,Inhib-18,Pdyn,Oprk1,Opioid,shared,0.07459492568507008
Zcchc12/Rxfp1,Inhib-20,Pdyn,Oprk1,Opioid,shared,0.754997611978495
Zcchc12/Rxfp1,Inhib-22,Pdyn,Oprk1,Opioid,shared,0.25363588910523627
Zcchc12/Rxfp1,Inhib-23,Pdyn,Oprk1,Opioid,shared,0.1501880973745394
Zcchc12/Rxfp1,Inhib-24,Pdyn,Oprk1,Opioid,shared,1.0
Zcchc12/Rxfp1,MN-alpha,Pdyn,Oprk1,Opioid,shared,0.08414744077430163
Nppb,Excit-06,Sst,Sstr1,SST,shared,0.22659889393804375
Nppb,Excit-10,Sst,Sstr1,SST,shared,0.15640264968905704
Nppb,Excit-11,Sst,Sstr1,SST,shared,0.6605612739808636
Nppb,Excit-13,Sst,Sstr1,SST,shared,0.6021370651565529
Nppb,Excit-16,Sst,Sstr1,SST,shared,0.11951018393797609
Nppb,Excit-29,Sst,Sstr1,SST,shared,0.42199150053643963
Nppb,Excit-32,Sst,Sstr1,SST,shared,0.1636606609078616
Nppb,Excit-34,Sst,Sstr1,SST,shared,1.0
Nppb,Inhib-01,Sst,Sstr1,SST,shared,0.0567178973446716
Nppb,Inhib-06,Sst,Sstr1,SST,shared,0.23140487859733383
Nppb,Inhib-11,Sst,Sstr1,SST,shared,0.9283638924310743
Nppb,Inhib-12,Sst,Sstr1,SST,shared,0.42119754802398934
Nppb,Inhib-13,Sst,Sstr1,SST,shared,0.6412095724007622
Nppb,Inhib-14,Sst,Sstr1,SST,shared,0.2435646467795999
Nppb,Inhib-15,Sst,Sstr1,SST,shared,0.3698373178262653
Nppb,Inhib-17,Sst,Sstr1,SST,shared,0.23278257182119097
Nppb,Inhib-22,Sst,Sstr1,SST,shared,0.18555963926536856
Nppb,Inhib-23,Sst,Sstr1,SST,shared,0.09521885131471068
Nppb,Inhib-24,Sst,Sstr1,SST,shared,0.153052212957576
Nppb,MN-alpha,Sst,Sstr1,SST,shared,0.8800271539042882
Nppb,MN-gamma,Sst,Sstr1,SST,shared,0.6323923239755773
Nppb,PGC,Sst,Sstr1,SST,shared,0.11690563721037182
Nppb,Excit-02,Sst,Sstr2,SST,shared,0.17928460597658355
Nppb,Excit-03,Sst,Sstr2,SST,shared,0.0712961352596561
Nppb,Excit-04,Sst,Sstr2,SST,shared,0.05270429062965706
Nppb,Excit-05,Sst,Sstr2,SST,shared,0.07552310140650523
Nppb,Excit-19,Sst,Sstr2,SST,shared,0.05393772295346702
Nppb,Excit-20,Sst,Sstr2,SST,shared,0.18712240958511892
Nppb,Excit-21,Sst,Sstr2,SST,shared,0.15260735393680522
Nppb,Excit-22,Sst,Sstr2,SST,shared,0.5528348281511688
Nppb,Excit-29,Sst,Sstr2,SST,shared,0.13449598787349265
Nppb,Excit-31,Sst,Sstr2,SST,shared,0.08532163914146935
Nppb,Excit-32,Sst,Sstr2,SST,shared,0.06100409886209827
Nppb,Excit-34,Sst,Sstr2,SST,shared,0.12005318116418855
Nppb,Inhib-01,Sst,Sstr2,SST,shared,0.06885377457012402
Nppb,Inhib-03,Sst,Sstr2,SST,shared,0.2080449063507268
Nppb,Inhib-04,Sst,Sstr2,SST,shared,1.0
Nppb,Inhib-05,Sst,Sstr2,SST,shared,0.945417313442097
Nppb,Inhib-06,Sst,Sstr2,SST,shared,0.12618495786477302
Nppb,Inhib-09,Sst,Sstr2,SST,shared,0.2940342933790201
Nppb,Inhib-10,Sst,Sstr2,SST,shared,0.41135873689758956
Nppb,Inhib-11,Sst,Sstr2,SST,shared,0.6425802002190765
Nppb,Inhib-12,Sst,Sstr2,SST,shared,0.2503428603386974
Nppb,Inhib-14,Sst,Sstr2,SST,shared,0.06666001460192862
Nppb,Inhib-15,Sst,Sstr2,SST,shared,0.11180833370092025
Nppb,Inhib-16,Sst,Sstr2,SST,shared,0.09531987001463348
Nppb,Inhib-22,Sst,Sstr2,SST,shared,0.0793597356340248
Nppb,Inhib-23,Sst,Sstr2,SST,shared,0.11028219808851152
Nppb,Inhib-24,Sst,Sstr2,SST,shared,0.10516808518896292
Nppb,MN-alpha,Sst,Sstr2,SST,shared,0.0938736976118154
Nppb,MN-gamma,Sst,Sstr2,SST,shared,0.15485068179728848
Nppb,PGC,Sst,Sstr2,SST,shared,0.15553971770971214
Atf3/Gfra3/Gal,Excit-03,Gal,Galr1,Galanin,shared,0.15686314206553575
Atf3/Gfra3/Gal,Excit-09,Gal,Galr1,Galanin,shared,0.09258125487942431
Atf3/Gfra3/Gal,Excit-10,Gal,Galr1,Galanin,shared,0.354098990920434
Atf3/Gfra3/Gal,Excit-11,Gal,Galr1,Galanin,shared,0.2482433757660653
Atf3/Gfra3/Gal,Excit-13,Gal,Galr1,Galanin,shared,0.17472677901399902
Atf3/Gfra3/Gal,Excit-16,Gal,Galr1,Galanin,shared,0.7151888668597427
Atf3/Gfra3/Gal,Excit-18,Gal,Galr1,Galanin,shared,0.7896216223772077
Atf3/Gfra3/Gal,Excit-21,Gal,Galr1,Galanin,shared,0.09559901540038852
Atf3/Gfra3/Gal,Excit-22,Gal,Galr1,Galanin,shared,0.27523661583064135
Atf3/Gfra3/Gal,Excit-29,Gal,Galr1,Galanin,shared,0.07751859535756336
Atf3/Gfra3/Gal,Excit-32,Gal,Galr1,Galanin,shared,0.05489726309875473
Atf3/Gfra3/Gal,Excit-34,Gal,Galr1,Galanin,shared,0.1790080708017431
Atf3/Gfra3/Gal,Inhib-02,Gal,Galr1,Galanin,shared,0.3801357993250225
Atf3/Gfra3/Gal,Inhib-03,Gal,Galr1,Galanin,shared,0.4236197235857865
Atf3/Gfra3/Gal,Inhib-04,Gal,Galr1,Galanin,shared,0.9919887147268797
Atf3/Gfra3/Gal,Inhib-06,Gal,Galr1,Galanin,shared,0.12966976805300795
Atf3/Gfra3/Gal,Inhib-08,Gal,Galr1,Galanin,shared,0.1827195953818718
Atf3/Gfra3/Gal,Inhib-12,Gal,Galr1,Galanin,shared,0.09222025091748275
Atf3/Gfra3/Gal,Inhib-13,Gal,Galr1,Galanin,shared,0.16418365534263463
Atf3/Gfra3/Gal,Inhib-14,Gal,Galr1,Galanin,shared,0.8702323783706596
Atf3/Gfra3/Gal,Inhib-15,Gal,Galr1,Galanin,shared,0.21667442575741758
Atf3/Gfra3/Gal,Inhib-22,Gal,Galr1,Galanin,shared,0.12776794743311662
Atf3/S100b/Gal,Excit-03,Gal,Galr1,Galanin,shared,0.15812996633608303
Atf3/S100b/Gal,Excit-09,Gal,Galr1,Galanin,shared,0.09332893963911107
Atf3/S100b/Gal,Excit-10,Gal,Galr1,Galanin,shared,0.3569586888071874
Atf3/S100b/Gal,Excit-11,Gal,Galr1,Galanin,shared,0.2502481853681301
Atf3/S100b/Gal,Excit-13,Gal,Galr1,Galanin,shared,0.17613786973585266
Atf3/S100b/Gal,Excit-16,Gal,Galr1,Galanin,shared,0.7209647209108149
Atf3/S100b/Gal,Excit-18,Gal,Galr1,Galanin,shared,0.7959985941922848
Atf3/S100b/Gal,Excit-21,Gal,Galr1,Galanin,shared,0.09637107154662482
Atf3/S100b/Gal,Excit-22,Gal,Galr1,Galanin,shared,0.2774594224153258
Atf3/S100b/Gal,Excit-29,Gal,Galr1,Galanin,shared,0.07814463431562955
Atf3/S100b/Gal,Excit-32,Gal,Galr1,Galanin,shared,0.05534061253294538
Atf3/S100b/Gal,Excit-34,Gal,Galr1,Galanin,shared,0.18045373716880306
Atf3/S100b/Gal,Inhib-02,Gal,Galr1,Galanin,shared,0.38320577006733764
Atf3/S100b/Gal,Inhib-03,Gal,Galr1,Galanin,shared,0.4270408698171733
Atf3/S100b/Gal,Inhib-04,Gal,Galr1,Galanin,shared,1.0
Atf3/S100b/Gal,Inhib-06,Gal,Galr1,Galanin,shared,0.13071697906231666
Atf3/S100b/Gal,Inhib-08,Gal,Galr1,Galanin,shared,0.18419523596312207
Atf3/S100b/Gal,Inhib-12,Gal,Galr1,Galanin,shared,0.09296502021484526
Atf3/S100b/Gal,Inhib-13,Gal,Galr1,Galanin,shared,0.1655095999633813
Atf3/S100b/Gal,Inhib-14,Gal,Galr1,Galanin,shared,0.8772603613845115
Atf3/S100b/Gal,Inhib-15,Gal,Galr1,Galanin,shared,0.21842428501525207
Atf3/S100b/Gal,Inhib-22,Gal,Galr1,Galanin,shared,0.1287997993689822
Zcchc12/Dcn,Excit-16,Gal,Galr1,Galanin,shared,0.054736365227804715
Zcchc12/Dcn,Excit-18,Gal,Galr1,Galanin,shared,0.060433012197163724
Zcchc12/Dcn,Inhib-04,Gal,Galr1,Galanin,shared,0.07592100367775934
Zcchc12/Dcn,Inhib-14,Gal,Galr1,Galanin,shared,0.06660248712302598
Atf3/Gfra3/Gal,Excit-29,Gal,Galr2,Galanin,shared,0.28791805445529456
Atf3/Gfra3/Gal,Inhib-22,Gal,Galr2,Galanin,shared,0.42053779261811874
Atf3/Gfra3/Gal,Inhib-23,Gal,Galr2,Galanin,shared,0.9919887147268798
Atf3/Gfra3/Gal,MN-alpha,Gal,Galr2,Galanin,shared,0.32735685417537463
Atf3/Gfra3/Gal,MN-gamma,Gal,Galr2,Galanin,shared,0.25351175356364913
Atf3/S100b/Gal,Excit-29,Gal,Galr2,Galanin,shared,0.29024327613904954
Atf3/S100b/Gal,Inhib-22,Gal,Galr2,Galanin,shared,0.42393404922343675
Atf3/S100b/Gal,Inhib-23,Gal,Galr2,Galanin,shared,1.0
Atf3/S100b/Gal,MN-alpha,Gal,Galr2,Galanin,shared,0.3300005829859713
Atf3/S100b/Gal,MN-gamma,Gal,Galr2,Galanin,shared,0.2555591105020258
Zcchc12/Dcn,Inhib-23,Gal,Galr2,Galanin,shared,0.07592100367775935
